ID_Quelle,Flurname,QuellenName,X_Koordinate_LV03,Y_Koordinate_LV03,Hoehe,Datum_CSV,Austrittsform,Quellgroesse,Schuettungsverhalten,Quellschuettung,Vernetzung,Austrittsanzahl,Bemerkungen,Fassung,Wasserentnahme,Trittschaeden,Sommerbeschattung,Substrate,RevitObjekt,Gesamtbewertung_CSV,BioErhebung_CSV
SO_TH_0110,Unter Passwang,Unter Passwang,615926,245541,860,14/07/2022,Fliessquelle,klein,ganzjährig,<1,Q-system,4,[SO_Thal_030] Bachflohkrebse. Amphibien,keine,30 - 59%,gering,mittel,"Steine,Kies,Sand,Feinmaterial,Moospolster,Totholz,Pflanzen,Falllaub,Org. Schlamm",unklar,bedingt_naturnah,
SO_TH_0072,Untere Wechten ,Untere Wechten 1,619093,246086,910,14/07/2022,Fliessquelle,klein,periodisch,>10,Q-system,4,[SO_Thal_083] zerstört. ausgetrocknet,Nur Rohr/Rinne,keine,stark,gering,,unklar,stark_geschaedigt,
SO_TH_0057,Untere Wechten,Untere Wechten 2,619263,246187,880,14/07/2022,Sickerquelle,mittel,periodisch,>10,Q-system,4,[SO_Thal_104] aktuell ausgetrocknet,keine,keine,mässig,gering,"Kies,Sand,Feinmaterial,Wurzeln,Pflanzen,Org. Schlamm",unklar,maessig_beeintraechtigt,
SO_TH_0183,Schwarzmatt,Schwarzmatt,620731,245625,806,14/07/2022,Fliessquelle,gross,ganzjährig,<1,Q-system,,[SO_Thal_127] gefasst und in Viehtränke (wobei nicht genutzt). Frosch. Bachflohkrebse,Rohr und Becken,keine,keine,mittel,"Steine,Kies,Sand,Feinmaterial,Moospolster,Wurzeln,Totholz",unklar,maessig_beeintraechtigt,
SO_TH_0184,untere Limmern,untere Limmern 1,620089,245882,765,15/07/2022,Sickerquelle,klein,ganzjährig,<1,Q-system,2,[SO_Thal_128] Austritt unterhalb Drainagerohr. Bachflohkrebse,Nur Rohr/Rinne,keine,mässig,gering,"Fels,Steine,Kies,Sand,Moospolster,Wurzeln,Totholz",unklar,maessig_beeintraechtigt,
SO_TH_0159,untere Limmern,untere Limmern 2,620147,245906,760,15/07/2022,Sickerquelle,klein,ganzjährig,<1,Q-system,,[SO_Thal_167] Drainagerohr und Viehtränke,Rohr und Becken,keine,stark,gering,"Sand,Feinmaterial,Pflanzen,Org. Schlamm",unklar,geschaedigt,
SO_TH_0212,Kluserguet,Kluserguet 1,619318,246309,890,14/07/2022,Sickerquelle,gross,ganzjährig,<1,Q-system,4,[SO_Thal_192] natürlich. Grosse Diversität. Wasserflohkrebse. Wasserschnecken. Amphibien,keine,keine,keine,gering,"Fels,Steine,Kies,Sand,Feinmaterial,Moospolster,Wurzeln,Pflanzen",unklar,naturnah,
SO_TH_0029,Obere Wechten,Obere Wechten,618194,246040,980,14/07/2022,Sickerquelle,klein,ganzjährig,<1,Q-system,2,[SO_Thal_199] weiter oben ist eine gefasste Quelle. Wasserschnecken. Rückenschwimmer. Schmetterlinge. Bienen,keine,keine,gering,unbeschattet,"Feinmaterial,Pflanzen,Org. Schlamm",unklar,bedingt_naturnah,
SO_TH_0143,Kluserguet,Kluserguet 2,619268,246253,900,14/07/2022,Sickerquelle,klein,periodisch,1-10,Q-system,4,[SO_Thal_223] Drainaigerohr bringt aktuell kein Wasser. trotzdem hat der kleine Tümpel Wasser. Amphibien(Frösche). Wasserläufer. Schüttung nicht ganz klar,Nur Rohr/Rinne,keine,gering,gering,"Fels,Steine,Sand,Feinmaterial,Moospolster,Wurzeln,Pflanzen",unklar,bedingt_naturnah,
SO_TH_0012,Sagiweid,Oberhalb Sagiweid-Quelle ,614521,243974,725,22/10/2022,Fliessquelle,klein,ganzjährig,<1,Q-system,6,[SO_Thal_026] Quellsystem im ganzen Hang. Mind. 6Austritte vermutet. Quelle floss erst unterhalb vorgegebener Koordinaten. Im Frühjahr vermutlich Beginn weiter oben. Koordinaten können also weiter den Berg hoch beginnen. Angaben nur grob. da schwer sichtbar. wegen Holz und Laub!,keine,keine,keine,mittel,"Fels,Steine,Kies,Sand,Feinmaterial,Wurzeln,Totholz,Falllaub",unklar,naturnah,
SO_TH_0069,Hinterer Beibelberg,Hinterer Beibelberg 01,615587,245082,908,11/10/2022,künstlich,klein,ganzjährig,<1,,,[SO_Thal_092] Waldrand an einem steilen Abhang gelegenen tiefen Erdhöhle => in der ein kleinkalibriges Rohr und daneben im Schwall austretendes Wasser  Das Wasser versickert nach weniger als einem Meter zwischen grossen Steinen. Wiese oberhlab mit nassen Stellen,Brunnenstube mit Überlauf,keine,mässig,nicht definiert,"Steine,Feinmaterial",unklar,maessig_beeintraechtigt,
SO_TH_0084,Finigen,Höngerbächli West,617976,241326,705,18/04/2022,Fliessquelle,klein,ganzjährig,<1,Einzelquelle,,[SO_Thal_074] Schwierige Beurteilung => unklar ob Quelle mit Fassungen und Veihtränke zusammen haängen oder diese einen eigenen Ausfluss haben. Unmengen von Schachtelhalm. Keine Wasserfauna aufgefunden. ,Brunnenstube mit Überlauf,> 60%,keine,nicht definiert,"Steine,Kies,Totholz,Pflanzen,Falllaub",unklar,maessig_beeintraechtigt,
SO_TH_0082,Allmend Aedermannsdorf,Allmend 02,611508,239896,709,06/10/2022,künstlich,klein,ganzjährig,<1,Einzelquelle,,[SO_Thal_076] Schöner Quellbach,Brunnenstube mit Überlauf,< 30% / unbekannt,keine,mittel,"Fels,Steine,Kies,Moospolster,Totholz,Falllaub",unklar,maessig_beeintraechtigt,15/05/2021
SO_TH_0122,Bereten,Bereten,622060,243681,878,17/10/2022,Fliessquelle,klein,ganzjährig,<1,Q-system,2,[SO_Thal_230] nördliche Quelle verbaut und zerstört; Südliche Quelle natrülich; Distanz zwischen Nord und Süd = 15m; Nur Quelle süd Struktur kartiert,keine,keine,keine,unbeschattet,"Kies,Moospolster",unklar,bedingt_naturnah,
SO_TH_0140,Farisbergweide,Farisbergweide 01,621753,242514,778,17/11/2022,Fliessquelle,klein,ganzjährig,<1,Einzelquelle,,[SO_Thal_212] Quellbereich verbaut (oberhalb mit Brunnstuben und Tränken); ein natürlicher Quellaustritt im Wald (Koordinaten) und einer aus einem Rohr,Brunnenstube mit Überlauf,< 30% / unbekannt,keine,nicht definiert,"Fels,Wurzeln,Kalksinter",unklar,maessig_beeintraechtigt,
SO_TH_0162,Riedenweid,Riedenweid 01,611292,240663,924,06/10/2022,Fliessquelle,klein,ganzjährig,<1,Einzelquelle,,[SO_Thal_166],keine,keine,mässig,nicht definiert,"Steine,Kies,Moospolster,Wurzeln,Totholz,Pflanzen,Falllaub",unklar,bedingt_naturnah,
SO_TH_0205,Hinterer Beibelberg,Bachanfang,615221,245014,885,11/10/2022,Fliessquelle,klein,temporär,<1,Q-system,6,[SO_Thal_121] quelle 2 vermutlich verbaut. Temp. Stimmt evt. nicht wurde eingetragen damit man es speichern kann. Resultat komme,Nur Rohr/Rinne,keine,keine,mittel,"Steine,Kies,Moospolster,Wurzeln,Totholz,Pflanzen,Falllaub",unklar,maessig_beeintraechtigt,
SO_TH_0086,Balsthaler Roggen,Roggenbächli 1,621442,240068,790,12/05/2022,Fliessquelle,mittel,ganzjährig,<1,Q-system,3,[SO_Thal_072] Zugemüllte Quelle. Q-Bereich und Q-Bach. Bach voll mit Müll und Schnittholz. Bach mit Kuhmist. ,keine,keine,stark,mittel,"Fels,Steine,Kies,Wurzeln,Totholz,Falllaub",JA,geschaedigt,
SO_TH_0046,Balsthaler Roggen,Rinderweidbächli West,621728,240030,825,11/05/2022,Fliessquelle,klein,ganzjährig,<1,Einzelquelle,1,[SO_Thal_97] 30 m oberhalb Quelle Wasserfassung (621730/239988) . Zusammenhang? Wasserschnecken im Austrittsbereich.,keine,keine,keine,nicht definiert,"Fels,Steine,Kies,Moospolster,Wurzeln,Totholz,Falllaub",unklar,naturnah,
SO_TH_0047,Mösli,Munimattbächli,621076,240789,575,28/04/2022,künstlich,klein,ganzjährig,<1,Einzelquelle,1,[SO_Thal_098] Bächli ist künstl. angelegt. Grosse Anzahl Bachflohkrebse. Kommentar Sarah Rohr: Quelle wird fast dirkt zu Bach ,Nur Rohr/Rinne,keine,keine,gering,"Steine,Kies,Feinmaterial,Totholz,Pflanzen,Falllaub,Org. Schlamm,Kalksinter",NEIN,maessig_beeintraechtigt,
SO_TH_0199,Matten   Munimattweg,Mattenbächli Seitenarm,621187,240748,570,28/04/2022,künstlich,klein,ganzjährig,<1,Einzelquelle,1,[SO_Thal_111] Braune Schaumkronen-Gülle. nach Regen. Bachflohkrebse im Sinterbereich. ,Nur Rohr/Rinne,keine,stark,unbeschattet,"Feinmaterial,Wurzeln,Totholz,Pflanzen,Falllaub,Org. Schlamm,Kalksinter",NEIN,geschaedigt,
SO_TH_0208,Bännli  (Matten),Mattenbächli,621132,240539,620,28/04/2022,Fliessquelle,klein,ganzjährig,<1,Einzelquelle,2,[SO_Thal_120] Ursprung=schöne Waldquelle auf 620 m. weiter unten läufte Quelle in Rohr unter Feld durch und tritt dann wieder aus Rohr aus dort Säuberungsaktion + Aufklärung nötig. Keine Wasserfauna.,keine,keine,keine,nicht definiert,"Fels,Steine,Kies,Moospolster,Wurzeln,Totholz,Pflanzen,Falllaub",JA,naturnah,
SO_TH_0158,Oberi Chüeweid,Lauchbächli Seitenarm SW,622097,242243,636,17/04/2022,Fliessquelle,klein,ganzjährig,1-10,Q-komplex,3,[SO_Thal_170] Schwieriges Monitoring. Mehrere Fassungen und Austritte. Keine Wasserfauna entdeckt. Datenblat DB beachten. + Rohr und Becken (Alt),Brunnenstube mit Überlauf,< 30% / unbekannt,keine,gering,"Fels,Steine,Moospolster,Wurzeln,Totholz,Pflanzen,Falllaub",unklar,maessig_beeintraechtigt,
SO_TH_0100,Rinderweid Roggen,Tüfelslochbächli Seitenarm,621937,240578,745,04/05/2022,Fliessquelle,klein,ganzjährig,<1,Q-system,3,[SO_Thal_184],keine,keine,gering,unbeschattet,"Fels,Steine,Kies,Wurzeln,Totholz,Pflanzen,Falllaub",NEIN,bedingt_naturnah,
SO_TH_0148,Stalden Alt Berg,Galtenbächli,621515,241852,620,25/04/2022,Fliessquelle,klein,ganzjährig,1-10,Q-system,2,[SO_Thal_220] Nachbarquelle Allmend fliesst in Farisbergbach. Keine Wasserfauna aufgefunden. ,keine,keine,keine,mittel,"Fels,Steine,Kies,Sand,Feinmaterial,Moospolster,Wurzeln,Totholz,Pflanzen,Falllaub",unklar,naturnah,
SO_TH_0145,Bläsisrüti,Lauchbächli Ursprung,622231,241082,683,17/04/2022,Fliessquelle,klein,ganzjährig,<1,Q-system,2,[SO_Thal_221] Wasseraustritt ca. 30 hm unter Soll und schwer erkennbar. Viel Fallholz im Quellbereich. Keine Wasserlebewesen gefunden. Datenblat DB beachten.,keine,keine,keine,nicht definiert,"Fels,Steine,Moospolster,Totholz,Pflanzen,Falllaub",unklar,naturnah,
SO_TH_0119,Widenweidli,Steinenbach Seitenarm,618564,241415,645,26/04/2022,Fliessquelle,klein,periodisch,<1,Q-komplex,3,[SO_Thal_231] Schüttung gesamt (3 Austritte alles Fliessquellen)  gemessen. Kartierung nach Regen. 2 Tage später alle Austritte fast troken. Keine Wasserfauna aufgefunden. ,keine,keine,keine,mittel,"Fels,Steine,Kies,Wurzeln,Totholz,Pflanzen,Falllaub,Kalksinter",unklar,naturnah,
SO_TH_0109,Rinderweid mitte Roggen,Weidbächli 1,621874,240300,784,04/05/2022,künstlich,klein,ganzjährig,<1,Einzelquelle,,[SO_Thal_241] Fassung für 2 Weidbrunnen => Fassung sieht zerfallen aus (Revitpotenzial) Keine Wasserfauna aufgefunden. Quellbereich eingezäunt,Brunnenstube mit Überlauf,> 60%,keine,mittel,"Fels,Steine,Kies,Wurzeln,Totholz,Falllaub",JA,maessig_beeintraechtigt,
SO_TH_0251,Balsthaler Roggen,Roggenbächli 2  Seitenarm West,621336,240007,788,12/05/2022,künstlich,klein,ganzjährig,<1,Q-system,3,[SO_Thal_1072] Zugemüllte Quelle. Q-Bereich und Q-Bach. Bach voll mit Müll und Schnittholz. Bach mit Kuhmist. ,Nur Rohr/Rinne,keine,keine,mittel,"Fels,Steine,Kies,Wurzeln,Totholz,Falllaub",unklar,geschaedigt,
SO_TH_0252,0beri Chüeweid Lauchbächli,0beri Chüeweid 01,621999,241272,618,17/04/2022,Fliessquelle,klein,ganzjährig,<1,Q-komplex,2,[SO_Thal_1170] Wunderschöne Quelle; Bächlein versickert nach ca. 70 m . Wasserfauna festgestellt. ,keine,keine,keine,nicht definiert,"Fels,Steine,Kies,Sand,Moospolster,Totholz,Pflanzen,Falllaub,Kalksinter",unklar,naturnah,
SO_TH_0253,Rinderweid mitte Roggen,Weidbächli 2   Korr. 23.05.22 ,621762,240282,746,04/05/2022,künstlich,klein,ganzjährig,<1,Einzelquelle,,[SO_Thal_1241] 6 m eingedohlt für Übergang. Quelle eingezäunt. Siehe ,Nur Rohr/Rinne,keine,keine,unbeschattet,"Fels,Steine,Kies,Wurzeln,Totholz,Pflanzen,Falllaub",NEIN,bedingt_naturnah,
SO_TH_0097,Ober Schloss,Schlossbächli,625815,242490,867,11/04/2022,Sickerquelle,gross,ganzjährig,<1,Einzelquelle,2,[SO_Thal_185] Einzäunen; Nachbarquelle gefasst mit ergibigem Überlauf. ca. 1 Lit/sec.  Keine Wasserfauna. ,keine,keine,stark,unbeschattet,"Pflanzen,Org. Schlamm",JA,geschaedigt,
SO_TH_0096,Rinderweidbächli. Mätteligraben,Rinderweidbächli,622423,242740,733,11/04/2022,Fliessquelle,klein,periodisch,<1,Q-system,2,[SO_Thal_188] Umzäunung Schutz vor Vieh. gefasste Nachbarquelle mit ergibigem im Überlauf. ca. 0.6 Lit/sec; Viehtränke. Keine Wasserfauna. ,keine,keine,stark,unbeschattet,"Kies,Totholz,Pflanzen,Org. Schlamm",JA,geschaedigt,
SO_TH_0176,Usseres Eschenholz,Mümliswilerbach Seitenarm,620275,241782,555,18/04/2022,künstlich,klein,ganzjährig,<1,Einzelquelle,,[SO_Thal_152] IST-Koordinaten = Wasseraustritt. Keine Wasserfauna entdeckt. .,Rohr und Becken,keine,gering,unbeschattet,"Fels,Steine,Moospolster,Totholz,Pflanzen,Falllaub",JA,geschaedigt,
SO_TH_0191,Rinderweid,Talfluebächli,623095,242939,804,11/04/2022,Sickerquelle,mittel,periodisch,<1,Einzelquelle,1,[SO_Thal_135] Quelle Einzäunene; Quellbach auf der ganzen Länge (im Wald) trocken (ev. versckert Quelle vorher). Schüttung nur schwer messbar. Keine Wasserfauna. Bauliche Übereste.,keine,keine,stark,unbeschattet,"Feinmaterial,Pflanzen",JA,geschaedigt,
SO_TH_0249,Wannenhof SO,Wannenbächli,624050,243531,871,11/04/2022,künstlich,klein,ganzjährig,<1,Einzelquelle,1,[SO_Thal_090] Renaturierungspotenzial. da Zaun defekt und ev nicht mehr in gebrauch. Frühere Nutzung als Zuleitung für Sammelbecken Schneekanonen und Brauchwasser. Quelle weiter oben als Bachanfang. Keine Wasserfauna.,Brunnenstube mit Überlauf,< 30% / unbekannt,gering,unbeschattet,Pflanzen,JA,geschaedigt,
SO_TH_0259,Bännli / Balsthaler Roggen,Roggenbächli 3  ,621062,240090,700,12/05/2022,Fliessquelle,mittel,ganzjährig,<1,Q-system,3,[SO_Thal_2072] Prächtige Kalktuffquelle im Wald mit Sinterbecken und hohen bemoosten Sinterstufen. Leere Schneckenhäuschen. viele offene Kirschensteine (Kleinsäugerspuren). Quellbach versickert. Zugang via altes Roggenwägli ab Bännliweg (sehr steil).,keine,keine,keine,nicht definiert,"Steine,Kies,Moospolster,Wurzeln,Totholz,Falllaub,Kalksinter",unklar,naturnah,
SO_TH_0142,Sagiweid,Sagiweid,614544,243995,710,20/09/2022,Fliessquelle,gross,ganzjährig,1-10,Q-komplex,5,[SO_Thal_210] mehrere zum Teil künstliche Austrittsformen. stark veränderter Zustand CL: temp stimmt nicht einfach angeg. Damit SP ausgefüllt ist,Brunnenstube mit Überlauf,< 30% / unbekannt,keine,mittel,"Fels,Kies,Moospolster,Falllaub",JA,geschaedigt,
SO_TH_0228,Zälgli Allmend,Zelglibächli West ,605376,236041,735,30/08/2022,künstlich,gross,ganzjährig,<1,Einzelquelle,,[SO_Thal_056] Quelle gefasst für Brauchwasser. Neuer Deckel auf Fassung. Viehtränke. Überlauf = Bachanfang. Koord. von Fassung. Viele Bachflohkrebse.Datenblatt DB beachten.,Brunnenstube mit Überlauf,< 30% / unbekannt,stark,unbeschattet,"Fels,Steine,Kies,Sand,Wurzeln,Totholz,Pflanzen",JA,geschaedigt,
SO_TH_0087,Wasserschutz,Mülibach  oberer Seitenarm 3,605674,237042,753,26/09/2022,Sickerquelle,klein,ganzjährig,<1,Einzelquelle,,[SO_Thal_069] Datenblatt beachten. Bereiche unter- und oberhalb Wasserschutzstrasse erfasst. Daten auf PK sind von unterhalb = Wasseraustritt.,keine,keine,keine,nicht definiert,"Kies,Feinmaterial,Moospolster,Wurzeln,Totholz,Org. Schlamm,Kalksinter",unklar,naturnah,15/05/2021
SO_TH_0219,Wirtshof Gänsbrunnen,Dünnern Bachanfang,602819,234631,755,16/08/2022,künstlich,klein,ganzjährig,<1,Einzelquelle,,[SO_TH_047] Quelle ist gefasst und eingedohlt. Beim Bachanfang Schnecken und Bachflohkrebse. Siehe Datenblatt. (CL: Q. QB & QBL ergänzt damit es MIDAT frisst),Rohr und Becken,< 30% / unbekannt,keine,unbeschattet,"Kies,Sand,Feinmaterial,Pflanzen",unklar,geschaedigt,
SO_TH_0115,Allmend,Talgraben,623335,242983,787,11/04/2022,künstlich,klein,ganzjährig,<1,Einzelquelle,2,[SO_Thal_039] Unterlauf 225 m eingedolt. 2er Quelleaustritt ca. 10 m unterhalb neben Viehtränke von gefasster Quelle . Mit Bretter abgedeckt. Keine Wasserfauna.,Brunnenstube mit Überlauf,> 60%,keine,gering,"Steine,Kies,Totholz,Pflanzen",JA,maessig_beeintraechtigt,
SO_TH_0095,Tufft,Chueweidgraben,622477,241008,768,17/04/2022,künstlich,klein,ganzjährig,1-10,Q-komplex,4,[SO_Thal_187] mitt. FG. Grösse. Bereich und QBLänge anhande der Fotos bestimmt--> folglich  Umfeld Brunnstube Wasserversorgung Balsthal-Holderbank.  Sehr komplexe Situation. sehr schwierige Erfassung und Zuordnung. Keine Wasserfauna. DB beachten.,Brunnenstube mit Überlauf,< 30% / unbekannt,keine,mittel,"Fels,Steine,Moospolster,Wurzeln,Totholz,Pflanzen,Falllaub,Kalksinter",unklar,bedingt_naturnah,
SO_TH_0065,Gunsch ungeri Schofmatt Welschenrohr,Chaltbach mittlerer Seitenarm von 202 ,604345,235018,745,27/05/2022,Sickerquelle,klein,ganzjährig,<1,Q-system,4,[SO_Thal_080] [CL:m.F.. Qgrösse. Wtemp. und Schüttung nach Fotos geschätzt]]Keine Messungen möglich. Austritte mehrere Vernässungen. Kein sichtbarer Wasserfluss. versumpfter Quellbach. Wilsausuhle. Datenblatt beachten.,keine,keine,keine,nicht definiert,"Fels,Steine,Kies,Feinmaterial,Moospolster,Wurzeln,Totholz,Pflanzen,Falllaub",unklar,naturnah,
SO_TH_0114,Vorderer Beibelberg,Vorderer Beibelberg,617192,245102,931,22/09/2022,Fliessquelle,klein,temporär,>10,Einzelquelle,,[SO_Thal_042] Quelle. Quellbach ausgetrocknet,Nur Rohr/Rinne,keine,keine,unbeschattet,"Fels,Steine,Feinmaterial",unklar,maessig_beeintraechtigt,
SO_TH_0149,Gunsch   ungeri Schofmatt  Welschenrohr,Chaltbach - rechter Seitenarm von 202,604400,235026,745,27/05/2022,Sickerquelle,klein,ganzjährig,<1,Q-system,4,[SO_Thal_217] Keine Messungen möglich. Wasseraustritt ölige Oberfläche. Kein sichtbarer Wasserfluss. einige Wasserstellen. Wildsausuhlen. Datenblatt beachten. (CL: Qgrösse. Temp und Schüttung geschätzt ),keine,keine,keine,gering,"Fels,Steine,Kies,Moospolster,Wurzeln,Totholz,Pflanzen,Falllaub",unklar,naturnah,
SO_TH_0043,Gunsch,Gunsch 01,604053,234846,767,22/05/2022,Sickerquelle,gross,ganzjährig,<1,Q-komplex,5,[SO_Thal_202] Grosses Vernässungsgebiet. viele Wasseraustritte. Viel Totholz im Bach und viel Buschwerk. Jagdeinrichtung mit Futterstelle,keine,keine,keine,mittel,"Moospolster,Totholz,Pflanzen,Falllaub",NEIN,bedingt_naturnah,
SO_TH_0071,Chueweid Hächler,Chaltbach 02,604422,235296,730,27/05/2022,künstlich,klein,ganzjährig,<1,Q-system,1,[SO_Thal_088] Drainage und Fassung. Wenig Wasser.,Brunnenstube mit Überlauf,keine,keine,mittel,"Steine,Kies,Moospolster,Wurzeln,Totholz,Pflanzen,Falllaub",NEIN,geschaedigt,
SO_TH_0103,Malsenberg   Gänsbrunnen,Harzergraben,605024,237419,1020,10/07/2022,Sickerquelle,klein,ganzjährig,<1,Einzelquelle,1,[SO_Thal_035] Massenhaft Bachflohkrebse und Grasfrosch; oberhalb bei 605024/237419 Viehtänke mit Überlauf (ev. ein Teil des Wassers von dort); Einzäunen,keine,keine,stark,gering,"Fels,Steine,Kies,Feinmaterial,Wurzeln,Totholz",JA,geschaedigt,
SO_TH_0135,Obere Wis,Wisbach  Ostarm,624596,242184,755,14/04/2022,Sickerquelle,klein,ganzjährig,<1,Einzelquelle,,[SO_Thal_215] Kieselsteine im Quellsumpf. Quellbereich sollte umzäunt werden. Viehtränke in der Nähe. Quellbach nach 6 m künstlich verbaut bis Unterquerung Fahrstrasse. Keine Wasserfauna. DB beachten.,keine,keine,stark,unbeschattet,"Fels,Steine,Kies,Totholz,Pflanzen,Org. Schlamm",unklar,stark_geschaedigt,
SO_TH_0178,Sollmatt,Rötibach,608137,236347,707,29/04/2022,Fliessquelle,mittel,ganzjährig,>10,Q-system,3,[SO_Thal_150] Prachtsquelle! Schüttung von Hauptaustritt nur schätzbar. Köcherfliegenlarve. Zugang zu Quellen und oberer Quellbach sollte für vorgesehene Wisentweide (Schau- Auswilderungsgehege) gesperrt werden.,keine,keine,keine,mittel,"Fels,Steine,Kies,Moospolster,Wurzeln,Totholz,Pflanzen,Falllaub",NEIN,naturnah,
SO_TH_0229,Chueweid Hächler,Chaltbach  01,604593,235481,720,27/05/2022,künstlich,klein,ganzjährig,<1,Q-system,3,[SO_Thal_053] Oberhalb Wasseraustritt insges. 4 Schächte von Drainage. Revitalisierung: Aball entfernen (Aufklären),Nur Rohr/Rinne,keine,keine,mittel,"Steine,Kies,Moospolster,Wurzeln,Totholz,Pflanzen,Falllaub",JA,maessig_beeintraechtigt,
SO_TH_0225,obere Schofmatt  Gänsbrunnen,Chäppelibächli,603345,234790,775,16/08/2022,künstlich,klein,ganzjährig,<1,Einzelquelle,1,[SO_Thal_057] Quelle gefasst => Wasser. welches austritt ev. Restwasser von Fassung (unklar ob noch Quellcharakter vorhanden => laut Bilder ev. schon),Nur Rohr/Rinne,< 30% / unbekannt,stark,gering,"Fels,Steine,Kies,Wurzeln,Totholz,Pflanzen",JA,geschaedigt,
SO_TH_0051,Hälfenbergflue,Hälfenbergflue,622403,244848,902,18/09/2022,Sickerquelle,mittel,temporär,<1,Einzelquelle,1,[SO_Thal_094]. CL: Q. QBLänge. Temp und Schüttung geschätzt anhande der Fotos,keine,keine,keine,mittel,"Moospolster,Wurzeln,Totholz,Pflanzen,Falllaub",unklar,naturnah,
SO_TH_0067,Chuematt,Chuematt 2,609508,238886,1038,29/07/2022,Fliessquelle,klein,ganzjährig,<1,Einzelquelle,1,[SO_Thal_078] Frösche (CL: evt. stimmen Fotos von quellaustritt nicht. da fotos wie ID SO_TH_0217 aussehen) ,keine,keine,keine,mittel,"Steine,Moospolster,Wurzeln,Totholz,Pflanzen,Falllaub,Org. Schlamm",unklar,bedingt_naturnah,
SO_TH_0180,Schwänglenweid,Schwänglenweid 1,621628,245564,945,06/08/2022,Sickerquelle,klein,ganzjährig,<1,Einzelquelle,1,[SO_Thal_132]. CL: auf Fotos ist ein Rohr zu sehen. Drainagepläne hier nicht vorhanden,Nur Rohr/Rinne,< 30% / unbekannt,keine,nicht definiert,"Moospolster,Wurzeln,Totholz,Pflanzen,Falllaub",unklar,maessig_beeintraechtigt,
SO_TH_0147,Blachen,Blachen,621634,246403,966,06/08/2022,künstlich,gross,periodisch,>10,Einzelquelle,,[SO_Thal_219],Rohr und Becken,> 60%,stark,mittel,Pflanzen,JA,geschaedigt,
SO_TH_0200,Schlossweidli,Schlossweidli 2,622837,244063,870,18/09/2022,künstlich,gross,ganzjährig,>10,,,[SO_Thal_112],Rohr und Becken,> 60%,stark,gering,Steine,JA,geschaedigt,
SO_TH_0202,Tannmattchopf,Tannmattchopf,609060,239254,1077,18/09/2022,künstlich,gross,,>10,Einzelquelle,,[SO_Thal_110],Rohr und Becken,> 60%,stark,gering,Steine,JA,geschaedigt,
SO_TH_0217,Chuematt,Chuematt 1,608911,238219,977,29/07/2022,Fliessquelle,klein,ganzjährig,<1,Einzelquelle,1,[SO_Thal_049],keine,keine,keine,nicht definiert,"Fels,Steine,Moospolster,Wurzeln,Totholz,Falllaub,Org. Schlamm",unklar,naturnah,
SO_TH_0269,Brocheten,Brochetengraben,612265,241916,1040,01/10/2022,Fliessquelle,klein,ganzjährig,<1,Q-system,3,[SO_Thal_103] Sickerquellen [mFG und Qschüttung durch CL anhande der Fotos ergänzt),keine,keine,keine,nicht definiert,"Sand,Feinmaterial,Moospolster,Wurzeln,Totholz,Pflanzen,Falllaub",unklar,naturnah,
SO_TH_0155,Lobisey,Ramiswilerbach,620355,242390,553,03/10/2022,Fliessquelle,klein,ganzjährig,<1,Einzelquelle,5,[SO_Thal_171] Sickerquelle / Fliessquelle stark fliessend,keine,keine,gering,mittel,"Steine,Kies,Sand,Feinmaterial,Moospolster,Totholz,Pflanzen",unklar,bedingt_naturnah,
SO_TH_0099,oberer Rüti,Rütilochbach,615224,243152,909,23/09/2022,künstlich,klein,ganzjährig,<1,Einzelquelle,1,[SO_Thal_183] Sickerquelle,Rohr und Becken,keine,mässig,mittel,"Kies,Sand,Feinmaterial,Moospolster,Pflanzen,Falllaub",unklar,maessig_beeintraechtigt,
SO_TH_0042,Bremgarten,Stampfenbach,617216,242603,881,25/09/2022,Sickerquelle,gross,periodisch,<1,Einzelquelle,1,[SO_Thal_201] Sickerquelle / 80m bis Quellbach ID 201,keine,keine,gering,mittel,"Steine,Feinmaterial,Moospolster,Totholz,Pflanzen",unklar,bedingt_naturnah,
SO_TH_0041,Rägenrain,Ramiswilerbach Seitenast,620368,243040,571,03/10/2022,Fliessquelle,klein,ganzjährig,1-10,Einzelquelle,1,[SO_Thal_204] CL: distanz zur Nachbarquelle geschätzt,Brunnenstube mit Überlauf,keine,keine,gering,"Fels,Steine,Kies,Feinmaterial,Moospolster,Wurzeln,Totholz,Pflanzen",unklar,maessig_beeintraechtigt,
SO_TH_0137,Brocheten,Brochetengraben,612154,242447,954,20/09/2022,Fliessquelle,klein,ganzjährig,<1,Einzelquelle,1,[SO_Thal_213] sinter,keine,keine,keine,nicht definiert,"Fels,Steine,Kies,Sand,Feinmaterial,Pflanzen,Kalksinter",unklar,naturnah,
SO_TH_0128,Laupersdörfer Stierenberg,Hemmeigraben,614808,242439,1051,25/09/2022,Sickerquelle,gross,ganzjährig,<1,Einzelquelle,1,[SO_Thal_240] Sickerquelle mündet nach 25m in ID 240 ,keine,keine,gering,nicht definiert,"Feinmaterial,Moospolster,Wurzeln,Totholz,Pflanzen",unklar,bedingt_naturnah,
SO_TH_0079,Hinteres Hagli,Haglibach 1,616667,244684,765,13/05/2022,Sickerquelle,mittel,ganzjährig,<1,Einzelquelle,,"[SO_Thal_061] CL: nach seinen Notizen ist Herr Ackermann unsicher ob es eine ""eigenständige"" Q ist. Schüttung ist geschätzt",keine,keine,gering,gering,"Fels,Steine,Kies,Sand,Feinmaterial,Moospolster,Wurzeln,Totholz,Pflanzen,Falllaub,Org. Schlamm",JA,naturnah,
SO_TH_0214,Oberer Passwang,Dünselgraben,617669,245742,1075,19/09/2022,Fliessquelle,klein,ganzjährig,<1,Einzelquelle,1,[SO_Thal_070],keine,keine,keine,mittel,"Fels,Steine,Kies,Sand,Feinmaterial,Moospolster,Wurzeln,Totholz,Pflanzen,Falllaub",unklar,maessig_beeintraechtigt,
SO_TH_0175,unterer Passwang,Chessilochbach 2,616410,245648,906,20/09/2022,künstlich,klein,periodisch,<1,Einzelquelle,1,[SO_Thal_151] Bemerkungen auf zweitem Blatt,Nur Rohr/Rinne,keine,keine,nicht definiert,"Fels,Steine,Kies,Sand,Feinmaterial,Wurzeln,Totholz,Pflanzen",unklar,maessig_beeintraechtigt,01/10/2022
SO_TH_0055,Güggel,Güggel 1,611180,241884,1085,30/08/2022,Fliessquelle,klein,ganzjährig,<1,Einzelquelle,1,[SO_Thal_106],keine,keine,keine,unbeschattet,"Steine,Sand,Feinmaterial,Moospolster,Pflanzen",unklar,naturnah,
SO_TH_0090,Guldental,Guldental 1,610992,242200,972,12/09/2022,Fliessquelle,klein,ganzjährig,<1,Einzelquelle,1,[SO_Thal_178],keine,keine,gering,nicht definiert,"Steine,Kies,Moospolster,Totholz,Pflanzen",unklar,naturnah,
SO_TH_0167,Güggel,Güggel 3,611210,241803,1065,30/08/2022,Fliessquelle,klein,ganzjährig,<1,Einzelquelle,1,[SO_Thal_143]. CL: schöne Waldquelle meines Erachtens,keine,keine,keine,nicht definiert,"Fels,Steine,Moospolster,Totholz,Falllaub,Kalksinter",unklar,naturnah,
SO_TH_0130,Güggelhof,Güggelhof,616557,240736,568,27/05/2022,Fliessquelle,mittel,ganzjährig,<1,Einzelquelle,1,[SO_Thal_238],Nur Rohr/Rinne,keine,keine,nicht definiert,"Steine,Feinmaterial,Moospolster,Wurzeln,Totholz,Kalksinter",unklar,maessig_beeintraechtigt,
SO_TH_0081,Baumgartenacker,Rickenbächli,611507,238493,527,11/10/2022,Fliessquelle,klein,ganzjährig,1-10,Einzelquelle,2,[SO_Thal_075] Bachflohkrebse. Brunnenkresse. Libelle. Bachminze. starke menschliche Nutzung. // Fotos siehe original Ordner,Rohr und Becken,keine,mässig,unbeschattet,"Fels,Steine,Kies,Sand,Feinmaterial,Moospolster,Pflanzen",unklar,geschaedigt,
SO_TH_0153,Hinter Hammer. Herbelswil,Hinter Hammer,609465,236901,569,11/10/2022,Fliessquelle,klein,periodisch,1-10,Einzelquelle,,[SO_Thal_157] Bachflohkrebse. Frosch. 2 Röhren. kein Wasser. aber Wasser vorhanden // CL: mFG. WT & QSch geschätzt. Q gross und eignet sich sicher für Schutz// Fotos siehe original Ordner,keine,keine,keine,mittel,"Fels,Steine,Kies,Sand,Feinmaterial,Moospolster,Wurzeln,Totholz,Pflanzen,Falllaub,Org. Schlamm,Kalksinter",JA,maessig_beeintraechtigt,
SO_TH_0001,Subigerberg,Subigerberg 2,599900,233348,994,11/05/2022,Fliessquelle,klein,ganzjährig,<1,Einzelquelle,2,[SO_Thal_016] Austritt unter Baum nach 2.5m fliesst Quelle auf eine Weide. Dort ev. Einzäunen. Gut für Fauna. Gammaridae. Köcherfliegen. Strudelwürmer. Steinfliegen,keine,keine,gering,gering,"Steine,Kies,Sand,Feinmaterial,Totholz,Pflanzen,Org. Schlamm",JA,bedingt_naturnah,
SO_TH_0002,Subigerberg,Subigerberg 1,600084,233602,946,11/05/2022,Sickerquelle,klein,periodisch,<1,Einzelquelle,1,[SO_Thal_015] Quellsumpf mit wenig Abfluss. Quelle fliesst unterirdisch ab ev. Einzäunen,keine,keine,gering,unbeschattet,"Feinmaterial,Wurzeln,Pflanzen,Org. Schlamm",JA,bedingt_naturnah,
SO_TH_0004,Cholgraben,Cholgraben 1,600433,233244,1005,11/05/2022,Fliessquelle,mittel,ganzjährig,1-10,Einzelquelle,3,[SO_Thal_013] Quelle liegt in Graben. Graben witer oben trocken mit Wegunterführung. Graben wird/wurde zum entsorgen von Bauschutt verwendet. viele Köcherfliegen,keine,keine,keine,nicht definiert,"Fels,Steine,Kies,Sand,Totholz,Falllaub",NEIN,bedingt_naturnah,
SO_TH_0006,Schattenberg,Schattenberg 4,609963,237238,503,25/05/2022,Fliessquelle,klein,ganzjährig,1-10,Einzelquelle,1,[SO_Thal_011] Köcherfliegen. Flohkrebse. Muscheln. Steinfliegen. Quelle fliesst direkt in Bach,keine,keine,keine,nicht definiert,"Fels,Steine,Kies,Moospolster,Totholz,Falllaub",NEIN,naturnah,
SO_TH_0007,Schattenberg,Schattenberg 3,610150,237345,545,25/05/2022,Fliessquelle,klein,ganzjährig,1-10,Einzelquelle,3,[SO_Thal_010] fliesst direkt in Bach,keine,keine,keine,nicht definiert,"Fels,Steine,Kies,Sand,Moospolster,Totholz",NEIN,naturnah,
SO_TH_0011,Steinacker,Steinacker 1,613639,240400,576,11/05/2022,Sickerquelle,klein,ganzjährig,<1,Einzelquelle,1,[SO_Thal_024] Kalksinterquelle. Quelle fliesst direkt in Bach. Fauna: Libellenlarve. Flohkrebse,keine,keine,keine,nicht definiert,"Kies,Moospolster,Totholz,Falllaub,Org. Schlamm,Kalksinter",NEIN,naturnah,
SO_TH_0016,Mettlenmatt,Mettlenmatt 2,616966,244443,712,24/08/2022,Fliessquelle,klein,ganzjährig,<1,Einzelquelle,1,[SO_Thal_021] Quelle fliesst nach ca. 4m in Schacht,keine,keine,keine,unbeschattet,"Kies,Sand,Feinmaterial,Moospolster,Org. Schlamm,Kalksinter",NEIN,geschaedigt,
SO_TH_0019,Schliff Laupersdorf,Schliff 1,617976,241975,709,25/05/2022,Sickerquelle,klein,periodisch,<1,Q-komplex,1,[SO_Thal_007] Quelle fliesst parallel zu Quellbach von SO_Thal_064 und fliesst dann direkt dort hinein ohne eigenen Quellbach,keine,keine,keine,mittel,"Feinmaterial,Moospolster,Totholz,Pflanzen,Falllaub,Kalksinter",NEIN,naturnah,
SO_TH_0020,Mettlenmatt,Mettlenmatt 1,617540,244279,679,24/08/2022,Sickerquelle,klein,ganzjährig,1-10,Einzelquelle,2,[SO_Thal_003] Kartierung in sehr trockener Periode. daher führt Quelle wenig Wasser. Grosse Quelle am Hang. Quelle sollte ausgezäunt werden. Quelle versickert ohne Quellbach. Fauna: Grasfrosch,keine,keine,stark,unbeschattet,"Feinmaterial,Pflanzen,Org. Schlamm,Kalksinter",JA,geschaedigt,
SO_TH_0023,Haulenrain,Haulenrain 1,619234,241473,580,25/05/2022,Fliessquelle,mittel,ganzjährig,<1,Einzelquelle,1,[SO_Thal_005] Quelle mit Sickerbereich. Betonrohr. Fassung mit Gitterrost Wasser kommt von dort tritt aber dann natürlich aus. Quelle fliesst in Teich. Fauna: Köcherfliegen. Eintagsfliegen. Strudelwürmer,keine,keine,keine,nicht definiert,"Steine,Kies,Moospolster,Totholz,Pflanzen,Falllaub",JA,naturnah,
SO_TH_0026,Halfenberg,Halfenberg 1,621852,245105,993,24/08/2022,Fliessquelle,klein,ganzjährig,1-10,Einzelquelle,5,[SO_Thal_018] ein Austritt ca. 5m weiter westlich / Quelle von oberem Weg gut zugänglich.,keine,keine,keine,gering,"Steine,Kies,Sand,Moospolster,Totholz,Pflanzen,Falllaub,Kalksinter",unklar,naturnah,
SO_TH_0028,Egg. Holderbank,Egg 1,624470,243030,699,20/06/2022,Fliessquelle,klein,ganzjährig,1-10,Q-komplex,2,[SO_Thal_028] Revit: Einzäunen und Viehtränke verlegen.,keine,keine,stark,nicht definiert,"Fels,Steine,Kies,Sand,Feinmaterial,Totholz,Org. Schlamm,Kalksinter",JA,maessig_beeintraechtigt,
SO_TH_0261,Subigerberg,Subigerberg 3,599948,233468,928,11/05/2022,Fliessquelle,klein,ganzjährig,<1,,1,[SO_Thal_AAA] ev. Einzäunen,keine,keine,mässig,unbeschattet,"Kies,Sand,Pflanzen,Falllaub,Org. Schlamm",JA,bedingt_naturnah,
SO_TH_0262,Schattenberg,Schattenberg 6,609839,237171,492,25/05/2022,Fliessquelle,klein,ganzjährig,1-10,Einzelquelle,2,[SO_Thal_BBB] Quelle fliesst direkt in Bach. CL: keine Fotos gefunden,keine,keine,keine,nicht definiert,"Fels,Steine,Kies,Sand,Moospolster,Totholz,Falllaub",NEIN,naturnah,
SO_TH_0263,Schattenberg,Schattenberg 7,609853,237168,500,25/05/2022,Fliessquelle,klein,ganzjährig,1-10,,1,[SO_Thal_CCC] Köcherfliegenlarve. Quelle fliesst direkt in Bach.,keine,keine,keine,nicht definiert,"Fels,Steine,Kies,Totholz,Falllaub",NEIN,naturnah,
SO_TH_0264,Egg Holderbank,Egg 2,624400,243055,725,20/06/2022,künstlich,mittel,ganzjährig,1-10,Q-komplex,1,[SO_Thal_DDD] Wasser fliesst zuerst in Tränke und der Überlauf bildet dann Quellbach bildet schönen sumpfigen Hang mit entsprechender Vegetation.,Nur Rohr/Rinne,< 30% / unbekannt,stark,unbeschattet,"Steine,Kies,Feinmaterial,Pflanzen,Org. Schlamm",JA,geschaedigt,
SO_TH_0049,untere Tannmatt,untere Tannmatt,609492,239473,1109,07/05/2022,Fliessquelle,klein,ganzjährig,1-10,Einzelquelle,1,[SO_Thal_096] Steinfliegen,keine,keine,keine,mittel,"Fels,Feinmaterial,Wurzeln,Totholz,Falllaub",unklar,maessig_beeintraechtigt,
SO_TH_0189,Schwang,Schwangbach 1,609096,239881,1091,08/05/2022,Fliessquelle,klein,ganzjährig,<1,Q-komplex,2,[SO_Thal_137],keine,keine,keine,mittel,"Steine,Kies,Sand,Falllaub",unklar,naturnah,
SO_TH_0040,Schwang,Schwangbach 2,610107,240761,1170,08/05/2022,Sickerquelle,klein,ganzjährig,<1,Einzelquelle,,[SO_Thal_203] CL: QS geschätzt,keine,keine,keine,mittel,"Feinmaterial,Moospolster,Wurzeln,Pflanzen,Falllaub,Org. Schlamm",unklar,naturnah,
SO_TH_0125,Rüchi,Wolfsbach,607869,238855,1025,08/05/2022,künstlich,klein,ganzjährig,<1,Einzelquelle,,[SO_Thal_225] CL: sieht aus wie Q gefasst ist und es eine Viehtränke hat. die vielen Sumpfdotterblumen lassen jedoch vermuten. dass noch ein (Quell?-)Bächli den Hang runter geht und so wie es aussieht ist nach Tränke ein Bächli vorhanden,Rohr und Becken,< 30% / unbekannt,gering,unbeschattet,"Kies,Sand,Feinmaterial",JA,geschaedigt,
SO_TH_0132,Schwang,Schwangbach 3,610051,240805,1163,11/06/2022,Fliessquelle,klein,temporär,<1,Einzelquelle,1,[SO_Thal_236].CL: QS geschätzt. Wollgras vorhanden,keine,keine,stark,mittel,"Fels,Steine,Kies,Sand,Feinmaterial,Moospolster,Wurzeln,Totholz,Pflanzen,Falllaub,Org. Schlamm",unklar,geschaedigt,
SO_BG_0001,Gisholen,SO_BG_0001,601687,218465,523,04/05/2023,Fliessquelle,klein,ganzjährig,<1,Einzelquelle,1,Sandsteinhöhle alt. mit neuem Plastikrohr,Nur Rohr/Rinne,> 60%,keine,nicht definiert,"Totholz,Falllaub,Org. Schlamm",JA,maessig_beeintraechtigt,
SO_BG_0002,Rüttiboden,SO_BG_0002,601813,218617,553,23/05/2023,Fliessquelle,klein,ganzjährig,<1,Einzelquelle,1,Höhle mit Rohr. Verrohrung unklar,keine,keine,keine,nicht definiert,"Feinmaterial,Falllaub,Org. Schlamm",JA,naturnah,
SO_BG_0003,Rüttiboden,SO_BG_0003,601871,218641,560,23/05/2023,Fliessquelle,klein,ganzjährig,<1,Einzelquelle,1,Quellaustritt eventuell etwas höher gelegen. sehr steil,keine,keine,keine,nicht definiert,"Totholz,Falllaub,Org. Schlamm",unklar,naturnah,
SO_LB_0058,Gisholen,SO_LB_0150,601526,218423,522,05/05/2023,Sickerquelle,klein,ganzjährig,<1,Einzelquelle,1,Temperatur im Quellbach gemessen. Bachflohkrebse,keine,keine,keine,nicht definiert,"Sand,Falllaub,Org. Schlamm",unklar,naturnah,
SO_BG_0146,Gisholen,SO_BG_0146,601653,218492,544,04/05/2023,Fliessquelle,klein,ganzjährig,<1,Einzelquelle,1,Sandsteinhöhle alt. mit neuem Plastikrohr,Nur Rohr/Rinne,> 60%,keine,nicht definiert,"Falllaub,Org. Schlamm",JA,geschaedigt,
SO_BG_0147,Gisholen,SO_BG_0147,601615,218498,566,04/05/2023,Fliessquelle,klein,ganzjährig,<1,Einzelquelle,1,Gefasste Quelle im Fels mit verschlosserner Tür,Nur Rohr/Rinne,> 60%,keine,nicht definiert,Org. Schlamm,JA,maessig_beeintraechtigt,
SO_BG_0148,Gisholen,SO_BG_0148,601608,218488,560,04/05/2023,Fliessquelle,klein,ganzjährig,<1,Einzelquelle,1,Sandsteinhöhle mit Bretterverschlag und Rohr,Brunnenstube mit Überlauf,> 60%,keine,nicht definiert,Org. Schlamm,JA,geschaedigt,
SO_BG_0149,Gisholen,SO_BG_0149,601577,218440,565,04/05/2023,Fliessquelle,klein,ganzjährig,<1,Einzelquelle,1,Aufstau vor Sandsteinhöhle,keine,keine,keine,nicht definiert,"Falllaub,Org. Schlamm",JA,maessig_beeintraechtigt,
SO_BG_0151,Gisholen,SO_BG_0151,601575,218418,538,05/05/2023,Sickerquelle,klein,ganzjährig,<1,Einzelquelle,1,,keine,keine,keine,nicht definiert,"Sand,Falllaub,Org. Schlamm",unklar,naturnah,
SO_BG_0152,Gisholen,SO_BG_0152,601580,218457,549,05/05/2023,Sickerquelle,klein,periodisch,<1,Einzelquelle,1,In der Nähe eines rechteckigen Schachts. Zusammenhang unklar,keine,keine,keine,nicht definiert,"Falllaub,Org. Schlamm",unklar,naturnah,
SO_BG_0153,Rüttiboden,SO_BG_0153,601806,218615,553,23/05/2023,Sickerquelle,klein,ganzjährig,<1,Einzelquelle,1,Sickerquelle. vernässte Bodenstelle,keine,keine,keine,nicht definiert,"Steine,Falllaub,Kalksinter",unklar,naturnah,
SO_BG_0154 ,Rüttiboden,SO_BG_0154 ,601849,218641,561,23/05/2023,Fliessquelle,klein,ganzjährig,<1,Einzelquelle,1,Bachflohkrebs,keine,keine,keine,nicht definiert,"Kies,Sand,Totholz,Falllaub,Org. Schlamm",unklar,naturnah,
SO_BG_0128,Fröscherengraben West,SO_BG_0128,604002,219607,516,29/08/2023,Fliessquelle,klein,ganzjährig,1-10,Einzelquelle,1,Schachtelhalme. Brombeeren. Klufgerinne,keine,keine,keine,mittel,"Fels,Steine,Kies,Sand,Feinmaterial",unklar,naturnah,
SO_DO_0035,Suri Asp,SO_DO_0035,618033,253841,476,20/09/2023,Tümpelquelle,klein,periodisch,<1,Einzelquelle,1,Quelle schüttet nicht. schlammig. versickert nach paar Metern wieder und taucht wieder auf. wahrsch. drainiert für Landwirtschaft.,keine,keine,mässig,unbeschattet,"Steine,Kies,Org. Schlamm",JA,geschaedigt,
SO_DO_0056,Cholerhofbächli,SO_DO_0056,617430,255047,492,14/09/2023,Fliessquelle,mittel,ganzjährig,1-10,Einzelquelle,1,Quelle von einem kleinen Wald mit auenbäumen umrandet. am Rand einer Weide.,Brunnenstube mit Überlauf,< 30% / unbekannt,keine,nicht definiert,"Steine,Kies,Sand,Feinmaterial",unklar,bedingt_naturnah,
SO_DO_0062,Einstelquelle / Rütibächli, SO_DO_0062,617707,253987,490,20/09/2023,Fliessquelle,gross,ganzjährig,1-10,Einzelquelle,1,Breiter Quellbereich. viel Gammarus. grosse Strömungsdiversität. Seggenriede am Quellufer. Sand- / Kiesbänke.,Brunnenstube mit Überlauf,< 30% / unbekannt,keine,nicht definiert,"Steine,Kies,Sand,Feinmaterial,Totholz,Org. Schlamm",JA,maessig_beeintraechtigt,
SO_DO_0076,Widenbächli,SO_DO_0076,618077,253503,509,25/09/2023,Sickerquelle,klein,temporär,<1,Einzelquelle,1,Bach unterhalb der Quelle mit fast stehendem Wasser. Quelle selbst ist trocken. Quellbach verläuft teilweise in Graben / unterirdisch.,keine,< 30% / unbekannt,gering,mittel,"Fels,Steine,Pflanzen,Org. Schlamm",unklar,geschaedigt,
SO_DO_0082,Dugbach,SO_DO_0082,616406,255350,561,11/09/2023,Fliessquelle,mittel,ganzjährig,1-10,Einzelquelle,1,Grosse Tiefenvarianz. Quellbach überdeckt mit Kalksinter. Frösche in der Nähe. Schiessanlage unweit.,keine,keine,keine,mittel,"Fels,Sand,Totholz,Pflanzen,Falllaub,Kalksinter",unklar,naturnah,
SO_DO_0050,Ramstelbach,SO_DO_0050,614643,257992,436,07/09/2023,Fliessquelle,mittel,temporär,<1,Q-komplex,2,Erster Austritt von vermutetem Quellkomplex. Quelle trocken. verdolt und gefasst. Ursprüngliche Bachbette 0050 und 0037.,Brunnenstube mit Überlauf,> 60%,gering,nicht definiert,"Totholz,Pflanzen,Falllaub",unklar,geschaedigt,
SO_DO_0027,Orisbach,SO_DO_0027,619625,256175,387,16/10/2023,Fliessquelle,klein,ganzjährig,<1,Einzelquelle,1,Frosch. Bachflohkrebs. Strudelwurm. Köcherfliege,keine,keine,keine,mittel,"Steine,Kies,Sand,Feinmaterial,Moospolster,Totholz,Falllaub,Org. Schlamm",unklar,naturnah,
SO_DO_0028,Orisbach,SO_DO_0028,619625,256180,387,16/10/2023,künstlich,klein,ganzjährig,1-10,Einzelquelle,1,Alte Fassung ggf. aufzuheben. Pot. Revitalisierungsobjekt,Brunnenstube mit Überlauf,< 30% / unbekannt,keine,mittel,Fels,JA,geschaedigt,
SO_DO_0029,Orisbach,SO_DO_0029,619635,256206,386,16/10/2023,Fliessquelle,klein,ganzjährig,1-10,Einzelquelle,1,Hohe Schüttung. Verzweigung mit zweitem unterirdischen Arm. jedoch nur 1 Austritt. Köcherfliege. Frösche. Strudelwurm. Wasserschnecke (Pisidium). ,keine,keine,keine,gering,"Steine,Kies,Sand,Feinmaterial",unklar,naturnah,
SO_DO_0030,Weidbach,SO_DO_0030,618502,257290,509,04/09/2023,Fliessquelle,klein,ganzjährig,1-10,Einzelquelle,1,entspringt unterhalb der Strasse aus dem Fels. Möglicherweise Viehtränke weiter unten.,keine,keine,gering,gering,"Fels,Steine,Kies,Sand,Feinmaterial,Moospolster,Kalksinter",JA,bedingt_naturnah,
SO_DO_0048,Juchweg / Bintelbach,SO_DO_0048,618655,256226,476,14/09/2023,Fliessquelle,mittel,ganzjährig,1-10,Einzelquelle,1,Schöne. schützenswerte Quelle im Wald. Makrozoobenthos gesichtet (v.a. Köcherfliegenlarven).,keine,keine,keine,nicht definiert,"Fels,Steine,Kies,Feinmaterial,Moospolster,Wurzeln,Totholz,Pflanzen,Falllaub,Kalksinter",unklar,naturnah,
SO_SO_0053,Röselenbach,SO_DO_0053,617485,258964,592,05/09/2023,Wanderquelle,klein,temporär,<1,Einzelquelle,1,Standortfremde Vegetation. gerodet. wirkt beeinträchtigt,keine,< 30% / unbekannt,mässig,gering,"Fels,Kies,Sand,Feinmaterial,Moospolster,Org. Schlamm",unklar,maessig_beeintraechtigt,
SO_DO_0063,Weidbach,SO_DO_0063,618604,256960,503,05/09/2023,Sickerquelle,klein,ganzjährig,<1,Einzelquelle,1,Quelle mit fast stehendem Wasser. oben verrohrt. Wäldli bei Quellmund. Wasserminze am Quellbach,keine,< 30% / unbekannt,keine,gering,"Steine,Sand,Org. Schlamm",unklar,geschaedigt,
SO_DO_0065,Brunnenbach,SO_DO_0065,618453,258416,526,04/09/2023,Fliessquelle,mittel,ganzjährig,1-10,Einzelquelle,1,Quelle überwuchert. weiter unten Baetis. Strudelwurm. Gammarus…,Brunnenstube mit Überlauf,< 30% / unbekannt,keine,mittel,"Fels,Steine,Kies,Sand,Feinmaterial",unklar,maessig_beeintraechtigt,
SO_DO_0075,Riffengraben,SO_DO_0075,617779,258574,578,05/09/2023,Fliessquelle,mittel,ganzjährig,1-10,Einzelquelle,1,Wasserbrunnen. Fassung ca. 35m weiter südlich. speist den Brunnen. Ergiebige Quelle mit genug Restwasser.,Brunnenstube mit Überlauf,< 30% / unbekannt,keine,mittel,"Steine,Kies,Sand,Feinmaterial,Totholz,Pflanzen,Org. Schlamm",unklar,maessig_beeintraechtigt,
SO_DO_0079,Brunnenbach (Neunuglar),SO_DO_0079,620269,257775,380,16/10/2023,Fliessquelle,klein,ganzjährig,<1,Einzelquelle,1,Alte Quellfassung (Beton). Fraglich. ob diese noch verwendet wird. Bachflohkrebs.,Brunnenstube mit Überlauf,< 30% / unbekannt,mässig,nicht definiert,"Fels,Kies,Sand,Moospolster,Falllaub,Org. Schlamm",JA,maessig_beeintraechtigt,
SO_LB_0015,Winterhaldengraben,SO_LB_0015,609060,232190,586,30/08/2023,Fliessquelle,klein,temporär,<1,Einzelquelle,1,Quelle trockengefallen. einzelne Tümpel,keine,keine,keine,gering,"Moospolster,Totholz,Falllaub",unklar,maessig_beeintraechtigt,
SO_LB_0133,Winterhaldengraben,SO_LB_0133,609100,232302,568,30/08/2023,Fliessquelle,klein,temporär,<1,Einzelquelle,1,Quelle trockengefallen. einzelne Tümpel. möglicherweise alte Fassung weiter unten.,keine,keine,keine,mittel,"Fels,Steine,Kies,Feinmaterial,Totholz,Falllaub",unklar,bedingt_naturnah,
SO_BG_0037,Fröscherengraben West,SO_BG_0037,604071,219465,509,04/10/2023,Fliessquelle,klein,temporär,<1,Einzelquelle,1,Bachbett eng und trocken. Totholz/Blätter sowie Schlamm dominieren das Substrat. Bachbett teilweise überwachsen mit Moos usw.,keine,< 30% / unbekannt,keine,mittel,"Moospolster,Totholz,Pflanzen,Falllaub,Org. Schlamm",JA,maessig_beeintraechtigt,
SO_DO_0037,Ramstelbach,SO_DO_0037,614567,258058,430,07/09/2023,Fliessquelle,mittel,temporär,<1,Q-komplex,2,Zweiter Austritt von vermutetem Quellkomplex. Quelle verdolt und gefasst (weiter unten Fassungen und Dolen).,Brunnenstube mit Überlauf,> 60%,mässig,nicht definiert,"Totholz,Falllaub",unklar,maessig_beeintraechtigt,
SO_BG_0011,Tiefentalbach,SO_BG_0011,605767,222824,540,10/11/2023,künstlich,klein,ganzjährig,<1,Einzelquelle,1,Quelle verrohrt und gefasst: Von den Zementrohren (80cm Diameter) führt ein 15 m langes Kunststoffrohr (8cm Diam.). durch welches das Wasser fliesst. Bachbett breit und trocken.Totholz/Blätter sowie Blöcke und Kiesel dominieren das Substrat. ,Nur Rohr/Rinne,keine,keine,mittel,"Fels,Steine,Feinmaterial,Moospolster,Wurzeln,Totholz,Pflanzen,Org. Schlamm",JA,bedingt_naturnah,
SO_BG_0012,Talgraben,SO_BG_0012,604022,220165,600,10/11/2023,Fliessquelle,klein,temporär,<1,Einzelquelle,1,kein Wasser mehr. das Gebiet selbst ist vollig zugewachsen.,keine,keine,keine,mittel,"Moospolster,Pflanzen,Falllaub",JA,bedingt_naturnah,
SO_BG_0136,Fröscherengraben West,SO_BG_0136,604086,219738,531,04/10/2023,Fliessquelle,klein,ganzjährig,<1,Einzelquelle,1,Mischwald. Abschnitt wurde ausgelichtet und alter Holzabfall auf Quelle.,keine,< 30% / unbekannt,mässig,mittel,"Steine,Wurzeln,Totholz,Pflanzen",JA,maessig_beeintraechtigt,
SO_DO_0018,Chöpfliweg (Witterswil),SO_DO_0018,606538,258802,455,03/10/2023,künstlich,klein,temporär,<1,Einzelquelle,1,Altes Quellbachbett. überwuchert. kein Abfluss seit längerem aufgrund Fassung: Brunnen am Weg mit Rohr und Brunnenbecken. ebenfalls ohne Abfluss,Rohr und Becken,< 30% / unbekannt,mässig,gering,"Fels,Steine,Kies,Sand",unklar,geschaedigt,
SO_DO_0081,Tiergartenbach,SO_DO_0081,615989,252528,611,16/10/2023,Fliessquelle,klein,periodisch,<1,Einzelquelle,1,Quellaustritt ggf. weiter oben. jedoch oberster Quellbereich stark überwuchert und undurchdringlich.,keine,keine,keine,mittel,"Kies,Sand,Moospolster,Falllaub,Org. Schlamm,Kalksinter",unklar,naturnah,
SO_DO_0088,Rodersdorfstrasse,SO_DO_0088,601872,257331,512,09/10/2023,künstlich,klein,ganzjährig,<1,Einzelquelle,1,Quellfassung am Wegrand. Weg auf privatem Grundstück. führt an der Quelle vorbei in eine Sackgasse. Kein eigentlicher Quellbach. Rinnsal als Überbleibsel.,Brunnenstube mit Überlauf,> 60%,gering,unbeschattet,"Wurzeln,Pflanzen",unklar,stark_geschaedigt,
SO_DO_0091,Bättental. Nachtweid- / Heulenquelle,SO_DO_0091,603226,256996,566,06/10/2023,Sickerquelle,mittel,temporär,<1,Q-system,2,Quelle direkt neben einem Weiher (Kantonales Naturschutzgebiet). Starke Trittschäden. flächige Austritte. Keine Schüttung. Quelljungfer (Weiher). Quelle in Vegas zwar als gefasst markiert. jedoch keine Fassung gefunden (möglicherweise entfernt),keine,keine,stark,unbeschattet,"Wurzeln,Pflanzen,Org. Schlamm",unklar,geschaedigt,
SO_DO_0092,Bättental. Nachtweid- / Heulenquelle,SO_DO_0092,603325,257044,562,06/10/2023,Sickerquelle,mittel,ganzjährig,<1,Einzelquelle,1,Quelle mit zwei Fassungen auf dem Feld. im Vegas vermerkt mit Dokument (GIS - Layer).,Brunnenstube mit Überlauf,> 60%,mässig,unbeschattet,"Wurzeln,Pflanzen,Org. Schlamm",unklar,geschaedigt,
SO_TH_0058,Dubbächli,SO_TH_0058,615942,244472,714,13/10/2023,Wanderquelle,klein,periodisch,<1,Einzelquelle,1,Offenlandquelle. teils eingedolt. Gebüsch am Quellbach. totes Wildschwein im Quellbach.,keine,< 30% / unbekannt,gering,gering,"Steine,Sand,Feinmaterial,Wurzeln,Pflanzen,Org. Schlamm",unklar,maessig_beeintraechtigt,
SO_TS_0021,Isenbach,SO_TS_0021,608869,251103,454,13/10/2023,Fliessquelle,klein,periodisch,<1,Einzelquelle,1,Kalksinter - Rheokrene. Schachtelhalme. Brombeeren.,keine,keine,keine,nicht definiert,"Kies,Sand,Moospolster,Totholz,Falllaub,Kalksinter",unklar,bedingt_naturnah,
SO_BG_0016,Lochbach,SO_BG_0016,600751,222570,562,27/11/2023,Fliessquelle,klein,temporär,<1,Einzelquelle,1,es gibt ein ausgeformtes Bachbett. aber kein Wasser.Hier und da liegen Totholz und Äste. der Boden ist mit Laub bedeckt.,keine,keine,keine,mittel,"Feinmaterial,Totholz,Falllaub,Org. Schlamm",JA,maessig_beeintraechtigt,
SO_BG_0018,Hasligraben,SO_BG_0018,603559,222035,540,27/11/2023,Sickerquelle,klein,temporär,<1,Einzelquelle,1,Die Quelle ist ausgetrocknet. überall sind Spuren der Beweidung sichtbar.Ein betonierter Bach fließt 50 m westlich.,keine,keine,keine,mittel,"Totholz,Pflanzen,Falllaub",unklar,geschaedigt,
SO_BG_0027,Winkelbodengraben,SO_BG_0027,600654,221602,550,27/11/2023,Wanderquelle,klein,temporär,<1,Q-system,1,kein Wasser ,keine,keine,keine,mittel,"Moospolster,Totholz,Pflanzen,Falllaub,Org. Schlamm",unklar,bedingt_naturnah,
SO_BG_0042,Niderholzgraben,SO_BG_0042,600764,220710,570,27/11/2023,künstlich,klein,ganzjährig,<1,Einzelquelle,1,Das Bachbett ist mit Laub und Totholz bedeckt. darunter sieht man das fließende Wasser. Am Austritt ist teilweise ein Rohr im Boden zu sehen (Herkunft unklar).,Nur Rohr/Rinne,< 30% / unbekannt,keine,mittel,"Fels,Steine,Feinmaterial,Moospolster,Wurzeln,Totholz,Pflanzen,Falllaub,Org. Schlamm",unklar,bedingt_naturnah,
SO_BG_0043,Fröscherengraben west,SO_BG_0043,604007,219540,540,27/11/2023,Fliessquelle,klein,ganzjährig,<1,Einzelquelle,1,Die Quelle ist voll mit Schachtelhalm (man sieht aber das Wasser unter den Blättern und Pflanzen- ganz wenig). Der Schachtelhalm wurde teilweise gemäht. ,keine,keine,keine,mittel,"Feinmaterial,Totholz,Pflanzen,Falllaub",unklar,naturnah,
SO_LB_0035,Obermoos,SO_LB_0035,602544,231255,660,02/06/2023,Fliessquelle,klein,ganzjährig,<1,Einzelquelle,1,zerstört. überbaut ,Brunnenstube mit Überlauf,< 30% / unbekannt,keine,gering,Fels,JA,stark_geschaedigt,
SO_LB_0050,Schützenmatt,SO_LB_0050,601600,229799,501,02/06/2023,Fliessquelle,klein,ganzjährig,<1,Einzelquelle,1,Bachanfang. Schacht ,Brunnenstube mit Überlauf,< 30% / unbekannt,keine,gering,Fels,JA,stark_geschaedigt,
SO_LB_0085,Schützenmatt,SO_LB_0085,601433,230607,650,02/06/2023,Fliessquelle,klein,ganzjährig,<1,Einzelquelle,1,Schacht im Graben. verlegt zu Laufbrunnen,Rohr und Becken,> 60%,keine,mittel,Pflanzen,unklar,geschaedigt,
SO_LB_0123,Allmend,SO_LB_0123,601550,230900,700,02/06/2023,Fliessquelle,klein,ganzjährig,<1,Einzelquelle,1,Schacht im Wald. teils kaputt. Bachanfang Allmendbach,Brunnenstube mit Überlauf,30 - 59%,keine,nicht definiert,Wurzeln,JA,geschaedigt,
SO_LB_0014,Jungbann,SO_LB_0014,608446,232882,615,28/07/2023,Fliessquelle,klein,ganzjährig,<1,Einzelquelle,1,,keine,keine,keine,nicht definiert,"Steine,Feinmaterial,Moospolster,Wurzeln,Totholz,Pflanzen,Falllaub,Org. Schlamm",unklar,naturnah,
SO_LB_0052,Schofbachgraben,SO_LB_0052,606036,234071,1230,05/04/2023,Sickerquelle,klein,ganzjährig,1-10,Einzelquelle,1,,keine,keine,mässig,gering,"Feinmaterial,Moospolster,Wurzeln,Pflanzen",JA,maessig_beeintraechtigt,
SO_LB_0075,Schofbachgraben,SO_LB_0075,606129,234016,1235,05/04/2023,Fliessquelle,klein,ganzjährig,<1,Q-komplex,3,Sickerquelle oberhalb Quellaustritt. Sickerquelle ist durch Viehtritt beieinträchtigt. die 2 Fliessquellaustritte nicht. ausserhalb Weidezaun.,keine,keine,mässig,mittel,"Kies,Feinmaterial,Moospolster,Pflanzen,Falllaub,Org. Schlamm",JA,bedingt_naturnah,
SO_LB_0096,Chrummrain,SO_LB_0096,607455,232183,600,05/06/2023,Fliessquelle,klein,periodisch,<1,Einzelquelle,1,sehr kleine Quelle,keine,keine,keine,nicht definiert,"Steine,Kies,Sand,Feinmaterial,Moospolster,Pflanzen,Falllaub,Org. Schlamm",NEIN,naturnah,
SO_LB_0097,Jungbann,SO_LB_0097,608445,232820,605,28/07/2023,Fliessquelle,klein,ganzjährig,<1,Q-system,3,Kleine Quelle mit einem Hauptaustritt und zwei Nebenaustritte.  Bachflohkrebse,keine,keine,keine,nicht definiert,"Steine,Kies,Feinmaterial,Moospolster,Totholz,Falllaub,Org. Schlamm",unklar,naturnah,
SO_LB_0098,Chrumrain,SO_LB_0098 ,607270,232007,620,09/08/2023,Fliessquelle,klein,ganzjährig,<1,Einzelquelle,1,Quelle aus Rohr. Verlegung unklar,Nur Rohr/Rinne,keine,keine,gering,"Steine,Kies,Sand,Feinmaterial",JA,stark_geschaedigt,
SO_LB_0112,Brüggmoos,SO_LB_0112,606740,230590,500,19/12/2023,Sickerquelle,gross,ganzjährig,1-10,Einzelquelle,1,Amphibien-Laichgebiet,keine,keine,keine,nicht definiert,"Kies,Sand,Feinmaterial,Moospolster,Wurzeln,Totholz,Pflanzen,Falllaub,Org. Schlamm",JA,naturnah,
SO_LB_0127,Jungbann,Gummenquelle,608097,232921,650,28/07/2023,Fliessquelle,klein,ganzjährig,<1,Einzelquelle,1,durch Waldstrasse stark beeinträchtigt,Nur Rohr/Rinne,< 30% / unbekannt,keine,nicht definiert,"Steine,Kies,Feinmaterial,Moospolster,Wurzeln,Totholz,Falllaub",JA,maessig_beeintraechtigt,
SO_LB_0134,Chrumrain,Chrumrain,607681,232348,605,08/08/2023,Fliessquelle,klein,ganzjährig,<1,Einzelquelle,1, ,keine,keine,keine,nicht definiert,"Steine,Kies,Sand,Feinmaterial,Moospolster,Wurzeln,Totholz,Pflanzen,Falllaub,Org. Schlamm",unklar,bedingt_naturnah,
SO_LB_0145,Nesselbodenweid,Chesselbach,607398,233677,1190,19/12/2023,Fliessquelle,klein,ganzjährig,1-10,Einzelquelle,1,Bachanfang ,keine,keine,keine,nicht definiert,"Steine,Kies,Sand,Feinmaterial,Moospolster,Totholz,Pflanzen,Falllaub",unklar,naturnah,
SO_LB_0166,Zwischenberggraben,SO_LB_0166,607707,233764,1200,19/12/2023,Fliessquelle,klein,ganzjährig,<1,Einzelquelle,1,Bachanfang. sehr kleine Quelle,keine,keine,keine,gering,"Steine,Feinmaterial,Pflanzen,Falllaub",NEIN,bedingt_naturnah,
SO_LB_0178,Jungbann,Jungbannquelle,607841,232717,650,28/07/2023,Fliessquelle,klein,ganzjährig,1-10,Einzelquelle,1,teils gefasst. teils relativ natürlich. Bachanfang: Galmisbach,Nur Rohr/Rinne,< 30% / unbekannt,keine,nicht definiert,"Feinmaterial,Moospolster,Wurzeln,Totholz,Falllaub,Org. Schlamm",JA,maessig_beeintraechtigt,
SO_LB_0182,Chuchigraben,SO_LB_0182,606642,231735,605,25/07/2023,Fliessquelle,klein,ganzjährig,<1,Einzelquelle,1,Bachbeginn Chuchigrabenbächli,keine,keine,keine,nicht definiert,"Kies,Sand,Feinmaterial,Wurzeln,Pflanzen,Org. Schlamm",JA,bedingt_naturnah,
SO_LB_0189,Chesselbach,SO_LB_0189,606404,231585,570,05/06/2023,Fliessquelle,klein,ganzjährig,1-10,Einzelquelle,1,Wasser aus Röhre (Drainagen?),Nur Rohr/Rinne,keine,keine,nicht definiert,"Steine,Kies,Sand,Feinmaterial,Wurzeln,Falllaub,Org. Schlamm,Kalksinter",JA,bedingt_naturnah,
SO_LB_0208,Chrummrain,Krummrain Quelle,607513,232280,610,05/06/2023,Fliessquelle,klein,ganzjährig,1-10,Q-system,3,Quelle. mehrere Austritte.  teilweise gefasst (SO_LB_0209). Fassung teilweise zerfallen,Rohr und Becken,< 30% / unbekannt,keine,nicht definiert,"Fels,Steine,Kies,Sand,Feinmaterial,Moospolster,Wurzeln,Pflanzen,Falllaub",JA,maessig_beeintraechtigt,
SO_LB_0211,Chesselbach,SO_LB_0211,606280,231770,590,05/06/2023,Fliessquelle,klein,ganzjährig,<1,Einzelquelle,1,Bachbeginn. Chesselbach Seitenast. sehr klein aber ständig wasserführend,keine,keine,keine,nicht definiert,"Steine,Kies,Sand,Feinmaterial,Wurzeln,Falllaub,Org. Schlamm",JA,naturnah,
SO_LB_0212,Chuchigraben,SO_LB_0212,606350,231625,575,05/06/2023,Fliessquelle,klein,ganzjährig,1-10,Einzelquelle,1,alte Fassung. Betonkasten. komplett überwuchert,Brunnenstube mit Überlauf,< 30% / unbekannt,keine,nicht definiert,"Steine,Kies,Sand,Feinmaterial,Wurzeln,Falllaub,Org. Schlamm,Kalksinter",JA,geschaedigt,
SO_LB_0214,Jungbann,SO_LB_0214,608380,232769,605,28/07/2023,Fliessquelle,klein,ganzjährig,<1,Einzelquelle,1,kleine Quelle seitlich des westlichen Jungbannbächli. Bachflohkrebse,keine,keine,keine,nicht definiert,"Kies,Feinmaterial,Moospolster,Falllaub,Org. Schlamm",JA,naturnah,
SO_LB_0215,Chrumrain,SO_LB_0215,607605,232278,605,28/07/2023,Fliessquelle,klein,ganzjährig,1-10,Q-system,2,Beginn aus Rohr.  Aufstösse im Bach,Nur Rohr/Rinne,keine,keine,mittel,"Fels,Steine,Kies,Feinmaterial,Moospolster,Wurzeln,Totholz,Pflanzen,Falllaub,Org. Schlamm,Kalksinter",JA,bedingt_naturnah,
SO_LB_0216,Brüggmoos,SO_LB_0216,606812,230540,510,19/12/2023,Fliessquelle,klein,ganzjährig,<1,Einzelquelle,1,Auslauf durch alten Schacht gefasst,Rohr und Becken,keine,keine,nicht definiert,"Steine,Kies,Sand,Feinmaterial,Moospolster,Wurzeln,Totholz,Falllaub,Org. Schlamm",JA,maessig_beeintraechtigt,
SO_LB_0217,Falleren,Fallerenquelle,606230,231736,509,19/12/2023,Fliessquelle,klein,ganzjährig,<1,Einzelquelle,1,gefasste Quelle. Schacht mit Ueberlauf,Brunnenstube mit Überlauf,< 30% / unbekannt,keine,nicht definiert,"Fels,Moospolster,Wurzeln,Totholz,Falllaub,Org. Schlamm,Kalksinter",JA,bedingt_naturnah,
SO_OL_0050,Dicki,SO_OL_0050,638504,241487,440,01/06/2023,Fliessquelle,klein,ganzjährig,<1,Einzelquelle,1,,keine,keine,keine,nicht definiert,"Sand,Totholz,Pflanzen,Falllaub,Org. Schlamm",unklar,naturnah,
SO_OL_0075 ,Mattetal,SO_OL_0075 ,639180,242330,572,31/08/2023,Fliessquelle,klein,ganzjährig,<1,Q-system,2,Alte Fassung und natürliche Wasseraustritte aus Gehängeschutt,Brunnenstube mit Überlauf,< 30% / unbekannt,keine,nicht definiert,Steine,unklar,maessig_beeintraechtigt,
SO_OL_0098,Schöpfler,SO_OL_0098,639981,241661,464,31/08/2023,Fliessquelle,klein,ganzjährig,<1,Einzelquelle,1,Alter Schacht. früher Laufbrunnen. Bachanfang des Schöpflerbachs,Brunnenstube mit Überlauf,keine,keine,mittel,"Falllaub,Org. Schlamm",unklar,geschaedigt,
SO_OL_0104,Bösmatt,Gretzenbach ,641560,242438,458,31/08/2023,Fliessquelle,klein,ganzjährig,<1,Einzelquelle,1,Schwach ausgebildetete Quelle. Abfluss in Drainageleitung,keine,keine,keine,gering,"Wurzeln,Totholz,Pflanzen",unklar,stark_geschaedigt,
SO_OL_0110,Dicki,SO_OL_0110,638503,241440,440,01/06/2023,Fliessquelle,klein,ganzjährig,<1,Einzelquelle,1,,keine,keine,keine,nicht definiert,"Steine,Sand,Totholz,Pflanzen,Falllaub,Org. Schlamm",unklar,naturnah,
SO_OL_0119,Dicki,SO_OL_0119,638476,241441,458,01/06/2023,Fliessquelle,klein,ganzjährig,<1,Einzelquelle,1,kleine Fliessquelle im Wald,keine,keine,keine,nicht definiert,"Steine,Sand,Org. Schlamm",unklar,bedingt_naturnah,
SO_OL_0120,Dicki,SO_OL_0120,638476,241508,464,01/06/2023,Sickerquelle,gross,ganzjährig,<1,Einzelquelle,1,flächig vernässte Bodenstelle. Schachtelhalm vorhanden.nur ca. 5m vom Blegibach entfernt,keine,keine,gering,nicht definiert,"Sand,Totholz,Pflanzen,Falllaub,Org. Schlamm",unklar,bedingt_naturnah,
SO_OL_0121,Mattetal,Mattenthalquelle West,639221,242120,515,31/08/2023,Fliessquelle,klein,ganzjährig,1-10,Einzelquelle,1,Alte Fassung mit Sammeolbrunnenstube in Naturschutzgebiet,Brunnenstube mit Überlauf,< 30% / unbekannt,gering,nicht definiert,Kies,JA,maessig_beeintraechtigt,
SO_TH_0271,Bannholz,SO_TH_0271,618255,243854,600,24/08/2023,Fliessquelle,klein,ganzjährig,<1,Einzelquelle,1,konstante  Schüttung auch nach langer Trockenheit. Bachflohkrebse,keine,keine,keine,nicht definiert,"Fels,Steine,Kies,Sand,Feinmaterial,Moospolster,Wurzeln,Pflanzen,Falllaub",unklar,naturnah,
SO_TH_0272,Bannholz,SO_TH_0272,618121,243858,600,24/08/2023,Fliessquelle,klein,ganzjährig,<1,Einzelquelle,1,kleine. aber konstante Schüttung auch nach langer Trockenheit. Bachflohkrebse,keine,keine,keine,nicht definiert,"Fels,Kies,Sand,Feinmaterial,Moospolster,Wurzeln,Pflanzen,Falllaub",unklar,naturnah,
SO_TH_0129,Wasserschutz Schwängi,Mülibach mitte ,605900,237031,750,26/09/2022,Sickerquelle,klein,ganzjährig,<1,Einzelquelle,1,Sumpfiges Gelände als Quellgebiet,keine,keine,stark,gering,"Feinmaterial,Wurzeln,Totholz,Pflanzen,Falllaub,Org. Schlamm",unklar,geschaedigt,
SO_TH_0164,Malsenhof,Malsengraben,604454,236366,755,08/09/2022,Fliessquelle,klein,ganzjährig,1-10,Q-system,3,"2 Bachbildende Quellen und weiter Wasseraustritte. alle fliesen in einen Löschweiher.. gefasste Quelle oberhlab
Bachflohkrebse ",Brunnenstube mit Überlauf,< 30% / unbekannt,keine,nicht definiert,"Fels,Steine,Kies,Sand,Feinmaterial,Moospolster,Wurzeln,Totholz,Pflanzen,Falllaub",unklar,bedingt_naturnah,
SO_TH_0187,Malsenhof,Malsengraben,604558,236368,768,08/09/2022,Sickerquelle,klein,ganzjährig,<1,Q-komplex,3,Mehrere flächige Wasseraustritte im Wald. Sumpfgebiet im Wald und auf der Weide,keine,keine,mässig,nicht definiert,"Steine,Sand,Feinmaterial,Moospolster,Wurzeln,Totholz,Pflanzen",unklar,bedingt_naturnah,
SO_TH_0226,Malsenhof,Nägeliberggraben,604230,236246,780,08/09/2022,Sickerquelle,klein,ganzjährig,<1,Einzelquelle,1,"Quelle / Bachanfang ist in einer Felskluft. alter. z.T. halb verrottet Müll und Bauschutt 
",keine,keine,keine,nicht definiert,"Fels,Steine,Kies,Moospolster,Wurzeln,Totholz,Falllaub",unklar,maessig_beeintraechtigt,
